{"cameraMode":{"drawMode":0,"name":"Shaded","section":"Shading Mode"},"sceneLighting":false,"audioPlay":false,"sceneViewState":{"showFog":true,"showMaterialUpdate":true,"showSkybox":false,"showFlares":true,"showImageEffects":true,"showParticleSystems":true},"in2DMode":false,"pivot":{"x":-0.6633983850479126,"y":-2.252594232559204,"z":13.626569747924805},"rotation":{"x":-0.12299059331417084,"y":0.011012143455445767,"z":-0.0013643521815538407,"w":-0.9923593401908875},"size":13.84135627746582,"orthographic":false}