{"cameraMode":{"drawMode":0,"name":"Shaded","section":"Shading Mode"},"sceneLighting":false,"audioPlay":false,"sceneViewState":{"showFog":true,"showMaterialUpdate":true,"showSkybox":true,"showFlares":true,"showImageEffects":true,"showParticleSystems":true},"in2DMode":false,"pivot":{"x":-11.316034317016602,"y":17.416255950927736,"z":22.7817440032959},"rotation":{"x":-0.21308879554271699,"y":-0.025794396176934243,"z":0.005624213721603155,"w":-0.9766842722892761},"size":23.42633056640625,"orthographic":false}